id,sequence,structure,base_pairs,len
5s_Mannheimia-succiniciproducens-3,UGGCAGCGAUAGUGCAGUGGACCCACCUAAUUCCAUGCCGAACUUAGAAGUGAAACGCUGUUACGCCGAUGGUAGUGUGGGGCUUCCCCAUGUGAGAGUAGGUCACUGCCA,((((((.....((((((((.....((((((.............))))..))....)))))).)).((.((....((((((((...))))))))....)).))...)))))),"[[1, 111], [2, 110], [3, 109], [4, 108], [5, 107], [6, 106], [12, 64], [13, 63], [14, 61], [15, 60], [16, 59], [17, 58], [18, 57], [19, 56], [25, 51], [26, 50], [27, 47], [28, 46], [29, 45], [30, 44], [66, 102], [67, 101], [69, 99], [70, 98], [75, 93], [76, 92], [77, 91], [78, 90], [79, 89], [80, 88], [81, 87], [82, 86]]",111
tmRNA_Geob.meta._CP000148_1-356,GGGGGUGUACAGGUUUCGACGGGGAUAGGAAACUAAAGGUUGCAUGCCGAGGUCCGGGCUGGCCUCGUUAAAAAGCCCGGGGCGAAUUACACGCCGAUAAUUACGACUACGCCGUAGCAGCUUAAUACCCUGCUACCGAUCCGCCGAGCCUCUCCCACGGGUGAAGAUGGAUCGUUAUUUCAGUGGGAUAGUCAAGGGGAGUGCCCGCGGCCCCAAGGCGAAACUUUAGCAGGAUCGCUUCCCGGAAAUCCCUGCCAGGGGAGAGUCGGGCGGCUAAAUCAAAUCCUGGCAUAAGCAUGUAGACGCCUUCUGUGUAUGAUCUUCGGACGCGGGUUCGACUCCCGCCACCUCCACCA,(((((((............(((((((.(...((...((((..(((((<<<<<(((((((...>>>>>.......)))))))..............................(.(((((((.........))))))).)..<<<.<.............((((((.>.>>>....))))))........<..<...<<...(..((.((..>>....>..>........)).))..)..((.((.((..(((.<<<<.<<)))...)).)).))..........>>..>>>>...))))).....))))...))...).)))))))...(((((.......))))))))))))....,"[[1, 352], [2, 351], [3, 350], [4, 349], [5, 348], [6, 347], [7, 346], [20, 325], [21, 324], [22, 323], [23, 322], [24, 321], [25, 320], [26, 319], [28, 317], [32, 313], [33, 312], [37, 308], [38, 307], [39, 306], [40, 305], [43, 299], [44, 298], [45, 297], [46, 296], [47, 295], [48, 67], [49, 66], [50, 65], [51, 64], [52, 63], [53, 81], [54, 80], [55, 79], [56, 78], [57, 77], [58, 76], [59, 75], [112, 138], [114, 136], [115, 135], [116, 134], [117, 133], [118, 132], [119, 131], [120, 130], [141, 170], [142, 169], [143, 168], [145, 166], [159, 180], [160, 179], [161, 178], [162, 177], [163, 176], [164, 175], [189, 220], [192, 217], [196, 212], [197, 211], [201, 236], [204, 233], [205, 232], [207, 230], [208, 229], [239, 273], [240, 272], [242, 270], [243, 269], [245, 267], [246, 266], [249, 262], [250, 261], [251, 260], [253, 291], [254, 290], [255, 289], [256, 288], [258, 285], [259, 284], [329, 345], [330, 344], [331, 343], [332, 342], [333, 341]]",356
5s_Nitella-flexilis-1,AUGGUACGGUCAUACCACGGCUAAUGCGCCCGAUCCCAUCCGAACUCGGAAGCCAAGCGCCGUUGGGCCGGAAUAGUACUGGGAUGGGUGACCUCCUGGGAAGUCCCGGUGCUGUACCUAU,(.(..(((((....(((((((......((((((............))))..)).....))))).)).((((.(.....(((((..((....)).)))))....).)))).))))).).)..,"[[1, 119], [3, 117], [6, 115], [7, 114], [8, 113], [9, 112], [10, 111], [15, 66], [16, 65], [17, 63], [18, 62], [19, 61], [20, 60], [21, 59], [28, 53], [29, 52], [30, 49], [31, 48], [32, 47], [33, 46], [68, 109], [69, 108], [70, 107], [71, 106], [73, 104], [79, 99], [80, 98], [81, 97], [82, 96], [83, 95], [86, 93], [87, 92]]",121
srp_Haem.ducr._AE017154,GGAAACCUUCUCGGUCUCUCGCAACGGUGUCUGGUUUACUCGGUCAGGUCCGGAAGGAAGCAGCCAAAGUCGGAAUUACUGUGUGCCGAGAAGAAGCUGGGAAGGUUUCCGCC,(((((((((((((((.((((((.(((((((((((((...(.(((....(((....)))....))).))))))))..)))))))...)))))....)))))))))))))))...,"[[1, 110], [2, 109], [3, 108], [4, 107], [5, 106], [6, 105], [7, 104], [8, 103], [9, 102], [10, 101], [11, 100], [12, 99], [13, 98], [14, 97], [15, 96], [17, 91], [18, 90], [19, 89], [20, 88], [21, 87], [22, 83], [24, 82], [25, 81], [26, 80], [27, 79], [28, 78], [29, 77], [30, 74], [31, 73], [32, 72], [33, 71], [34, 70], [35, 69], [36, 68], [40, 67], [42, 65], [43, 64], [44, 63], [49, 58], [50, 57], [51, 56]]",113
RNaseP_SM-A2642,GAGGAAAGUCCGGGCACUAUAGGGCGGAGUGCCAGGUAACACCUGGGCGGCGUGAGCCGACGGCAAGUGCAGCAGAGAGAAGACCGCCUGACUCGUCAGGUAAGGGUGAAAGGGUGCGGUAAGAGCGCACCGCGCGAGUGGUAACACUUCGUGGCAAGGUAAACCCCACUCAGUGCAAAACCAAAUAGGGGAGAGAUGGUGCGGCCCGCACUUCUCCCGGGUAGGUUGCUUGAGGUAUGUGGUGACACAUAUCCCAGAUGAAUGACUAUCCAAGACAGAACCCGGCUUAC,.....(((.(((((((((...<<<<.((((((((((.....)))))(((((....)))).)((...((((.............((((((((....))))))..)).......((((((.......))))))(((((((((....))).))))).)...))..)))))))))))))...((((......((((((...(((((.>>>>))))))))))).....))))......((((((((....))))))))...........................))))))))..,"[[6, 288], [7, 287], [8, 286], [10, 285], [11, 284], [12, 283], [13, 282], [14, 281], [15, 175], [16, 174], [17, 173], [18, 172], [22, 207], [23, 206], [24, 205], [25, 204], [27, 171], [28, 170], [29, 169], [30, 168], [31, 167], [32, 46], [33, 45], [34, 44], [35, 43], [36, 42], [47, 61], [48, 59], [49, 58], [50, 57], [51, 56], [62, 166], [63, 165], [67, 164], [68, 163], [69, 160], [70, 159], [84, 105], [85, 104], [86, 101], [87, 100], [88, 99], [89, 98], [90, 97], [91, 96], [113, 131], [114, 130], [115, 129], [116, 128], [117, 127], [118, 126], [132, 155], [133, 153], [134, 152], [135, 151], [136, 150], [137, 149], [138, 147], [139, 146], [140, 145], [179, 227], [180, 226], [181, 225], [182, 224], [189, 218], [190, 217], [191, 216], [192, 215], [193, 214], [194, 213], [198, 212], [199, 211], [200, 210], [201, 209], [202, 208], [234, 253], [235, 252], [236, 251], [237, 250], [238, 249], [239, 248], [240, 247], [241, 246]]",290
RNaseP_C.trachomatis-D,UCGGAAGAGUAAGGCAACCGCUGAAACCAGCUUUUUAAAAAAGAUGAGUACCAGAGGAAAGUCCGGACUUUAUAAGAAAAGAUGCUGGAGAAAUUCCAGGGGCCGUAAGGCUACGGAAAGUGCAACAGAAAACACUCCGCUAUAAAUUGUAUAAUUUAUAGACAGGCUGAAAAAUCUUACUUUAGGAGUAAGAGCUGCUAGGGAAACCUAGCAGACUUGUAAACCCCAUCUGAAGCAAGAGAAAAAGUUAUUUGUUUCUGCAAACAACCUUUCUAACGAAAGGCACAGGCUUUUUCAUAAUCGCUUGAGGAGUACAGUAAUGUGCUCCCUAGAUGAAUGGUUGCCCGCAAGCAAGAACUUCCGUUCGUGCUUGUCGACAGAAUCCGGCUUACUCGCUCUUCCGAGCUU,.(((((((((..<<<<<<<.(((..((((.(((((...))))).)).))..)))....(((.(((((((((...<<<<.((((((((((.....)))))(((((....)))).)((...(((((............((.(((((((((....)))))))))...))........((((((.......))))))(((((((((....)))))))).).)))..)))))))))))))...((.(((((((..((((.>>>>.))))...((((((....)))))).....))))))).....))......((((((((....))))))))..........>>>>>>>((((((((.((((....)))).)))))).))......))))))))....))))))))).....,"[[2, 403], [3, 402], [4, 401], [5, 400], [6, 399], [7, 398], [8, 397], [9, 396], [10, 395], [13, 345], [14, 344], [15, 343], [16, 342], [17, 341], [18, 340], [19, 339], [21, 54], [22, 53], [23, 52], [26, 49], [27, 48], [28, 46], [29, 45], [31, 43], [32, 42], [33, 41], [34, 40], [35, 39], [59, 390], [60, 389], [61, 388], [63, 387], [64, 386], [65, 385], [66, 384], [67, 383], [68, 235], [69, 234], [70, 233], [71, 232], [75, 259], [76, 258], [77, 257], [78, 256], [80, 231], [81, 230], [82, 229], [83, 228], [84, 227], [85, 99], [86, 98], [87, 97], [88, 96], [89, 95], [100, 114], [101, 112], [102, 111], [103, 110], [104, 109], [115, 226], [116, 225], [120, 224], [121, 223], [122, 220], [123, 219], [124, 218], [137, 166], [138, 165], [140, 161], [141, 160], [142, 159], [143, 158], [144, 157], [145, 156], [146, 155], [147, 154], [148, 153], [175, 193], [176, 192], [177, 191], [178, 190], [179, 189], [180, 188], [194, 216], [195, 214], [196, 213], [197, 212], [198, 211], [199, 210], [200, 209], [201, 208], [202, 207], [239, 302], [240, 301], [242, 295], [243, 294], [244, 293], [245, 292], [246, 291], [247, 290], [248, 289], [251, 264], [252, 263], [253, 262], [254, 261], [268, 283], [269, 282], [270, 281], [271, 280], [272, 279], [273, 278], [309, 328], [310, 327], [311, 326], [312, 325], [313, 324], [314, 323], [315, 322], [316, 321], [346, 376], [347, 375], [348, 373], [349, 372], [350, 371], [351, 370], [352, 369], [353, 368], [355, 366], [356, 365], [357, 364], [358, 363]]",408
RNaseP_P.troglodytes,AUAGGGCGGAGGGAAGCUCAUCAGUGGGGCCACGAGCUGAGUGCGUCCUGUCACUCCACUCCCAUGUCCCUUGGGAAGGUCUGAGACUAGGGCCAAAGGCGGCCCUAACAGGGCUCUCCCUGAGCUUCGGGGAGGUGAGUUCCCAGAGAACGGGGCUCCACGCGAGGUCAGACUGGGCAGGAGAUGCCGUGGACCCCGCCCUUCGGGGAGGGGCCCGGCGGAUGCCUCCUUUGCCGGAGCUUGGAACAGACUCACGGCCAGCGAAGUGAGUUCAAUGGCUGAGGUGAGGUACCCCGCAGGGGACCUCAUAACCCAAUUCA,................((((.((..(((((........(((((........))))).........))))).))........<<<<.....((((......(((((.....)))))(((((((.....)))))))(((((((...........((.....................................................................................)).......)))))))))))....................))))(((((((..(((...))).))))))).......>>>>,"[[17, 283], [18, 282], [19, 281], [20, 280], [22, 73], [23, 72], [26, 70], [27, 69], [28, 68], [29, 67], [30, 66], [39, 56], [40, 55], [41, 54], [42, 53], [43, 52], [82, 320], [83, 319], [84, 318], [85, 317], [91, 259], [92, 258], [93, 257], [94, 256], [101, 115], [102, 114], [103, 113], [104, 112], [105, 111], [116, 134], [117, 133], [118, 132], [119, 131], [120, 130], [121, 129], [122, 128], [135, 255], [136, 254], [137, 253], [138, 252], [139, 251], [140, 250], [141, 249], [153, 241], [154, 240], [284, 309], [285, 308], [286, 307], [287, 306], [288, 305], [289, 304], [290, 303], [293, 301], [294, 300], [295, 299]]",320
5s_Halococcus-morrhuae-2,UUAAGGCGGCCACAGCGGCGGGGCGACUCCCGUACCCAUCCCGAACACGGCAGAUAAGCCCGCCAGCGUUCCAGCGAGUACUGGAGUGUGCGAACCUCUGGGAAAACUGCCUCGCAAGAGGGGCC,((......((....(((((((......((((((.............))))..)).....))))).))....(((......((((((.((....)))))))).....)))....)).....))...,"[[1, 122], [2, 121], [9, 115], [10, 114], [15, 67], [16, 66], [17, 64], [18, 63], [19, 62], [20, 61], [21, 60], [28, 54], [29, 53], [30, 50], [31, 49], [32, 48], [33, 47], [72, 109], [73, 108], [74, 107], [81, 101], [82, 100], [83, 99], [84, 98], [85, 97], [86, 96], [88, 95], [89, 94]]",125
5s_Palmaria-palmata-1,ACAUGCGGCCAUAGUGCAGGAACAUGCGCCGAAACCCAUCCCGAAUUUCGAAGCUAAGCUCCGCCACGCACGAUUAGUACUCUGGAGGGGGACCACAGUGGAAUCUCGUGUGCCGCAUGUU,(((((((((....((((.(((......((((((.............))))..)).....))))).)).(((((......(.(((..((....)).))).).....))))).))))))))).,"[[1, 120], [2, 119], [3, 118], [4, 117], [5, 116], [6, 115], [7, 114], [8, 113], [9, 112], [14, 67], [15, 66], [16, 64], [17, 63], [19, 62], [20, 61], [21, 60], [28, 54], [29, 53], [30, 50], [31, 49], [32, 48], [33, 47], [69, 110], [70, 109], [71, 108], [72, 107], [73, 106], [80, 100], [82, 98], [83, 97], [84, 96], [87, 94], [88, 93]]",121
tmRNA_Syne.spec._AB003477_1-394,GGGGCUGUAAUGGUUUCGACGUGUUGGUGAAUCCUUCACCGUGAUUCAGGCCGAGAGGGAGUCCACUCUCGUAAAUCCAGGCUCAACCAAAAGUAACUGCGAACAACAUCGUUCCUUUCGCUCGUAAGGCUGCUCCUGUAGCUGCUUAAACGCCACAAACUUUCUGGCUCGAGCGUCUAGUCGUAGACUCCGUUAAUACGCCUAGACUUAAACCCCCAACGGAUGCUCGAGUGGCGGCCUCAGGUCCGUCCUCUCGCUAAGCAAAAACCUGAGCAUCCCGCCAACGGGGAUAAUCGUUGGCUCCCGCACAGUGGGUCAACCGUGCUAAGCCUGUGAACGAGCGGAAAGUUACUAGUCAAUGCGGACAGCGGUUCGAUUCCGCUCAGCUCCAUUU,(((((((............(((((((((.(...(((..(..(..((((((((((((..<<<<<...)))))........>>>>>..........................(....(.(.((...((((................))))...)).).)....)............((((((.((((...<<<<<<..)))).))))))..........>>>>>>....((((.((..(.<<<<<<<.)..)).))))..........>>>>>>>.(((((..<<<<<)))))...>>>>>((((..<<<<...)))).....>>>>...)))))..))..)..)..)))....).)))))))))...(((((.......))))))))))))....,"[[1, 390], [2, 389], [3, 388], [4, 387], [5, 386], [6, 385], [7, 384], [20, 363], [21, 362], [22, 361], [23, 360], [24, 359], [25, 358], [26, 357], [27, 356], [28, 355], [30, 353], [34, 348], [35, 347], [36, 346], [39, 343], [42, 340], [45, 337], [46, 336], [47, 333], [48, 332], [49, 331], [50, 330], [51, 329], [52, 71], [53, 70], [54, 69], [55, 68], [56, 67], [59, 84], [60, 83], [61, 82], [62, 81], [63, 80], [111, 162], [116, 157], [118, 155], [120, 153], [121, 152], [125, 148], [126, 147], [127, 146], [128, 145], [175, 207], [176, 206], [177, 205], [178, 204], [179, 203], [180, 202], [182, 200], [183, 199], [184, 198], [185, 197], [189, 223], [190, 222], [191, 221], [192, 220], [193, 219], [194, 218], [228, 256], [229, 255], [230, 254], [231, 253], [233, 251], [234, 250], [237, 247], [239, 273], [240, 272], [241, 271], [242, 270], [243, 269], [244, 268], [245, 267], [275, 291], [276, 290], [277, 289], [278, 288], [279, 287], [282, 299], [283, 298], [284, 297], [285, 296], [286, 295], [300, 316], [301, 315], [302, 314], [303, 313], [306, 325], [307, 324], [308, 323], [309, 322], [367, 383], [368, 382], [369, 381], [370, 380], [371, 379]]",394
